ID,tx_hash,rule_id_1,similarity_1,rule_name_1,rule_id_2,similarity_2,rule_name_2,count
4265,0x2871547e5ccc0cabd14c39f68d4b9bf77ba67ee521de8cfc1f692b403a4bfc44,298,0.8,Swapos,432,0.5,PANDORA,405212
2489,0xd7f04c5c16c8a1a3d9401b1bdf1e08f6249031d8531d11e9ecdfff00bc88964c,143,0.7777777777777778,Uranium,188,0.5714285714285714,SHOCO,285
1256,0xbcad59061f3665072dded5ab12b920986a217ad4991df30ef7d1876af48fa8a7,75,0.75,Miner,395,0.7142857142857143,LPC,878
3877,0xe14c47a89ef7e3143b5dcaeddfb73135ac964147bf78c027c77219ea41241555,260,0.7142857142857143,Paraswap,519,0.5714285714285714,TSURU,157
5700,0x9aa1fe8b76696334e5f966dbe67e6a6f234a34d957204bc34d3d441e03d95ed2,395,0.7142857142857143,LPC,75,0.625,Miner,162
2990,0x59ed987f0267393b427562af6a4a8958da36366c2d3dd9c9a050051bbd82ff85,188,0.7142857142857143,SHOCO,432,0.6666666666666667,PANDORA,14611
1255,0x2b97dd876303f96d227a8ef798af0fce9f627af36b2940a1dd6193612047856c,75,0.7,Miner,22,0.6,KR,153
2954,0x192d8ab455233aec9e1b46e3c602db1f0d550b7e44c3422d8fca85bd0b836503,184,0.6666666666666667,YodlRouter,298,0.5,Swapos,374
6348,0x87c63e5ff6bb63e2c7fc993379516fa8dc4fba813cb8ca3b873c05d3b8e6d547,432,0.6666666666666667,PANDORA,188,0.5714285714285714,SHOCO,5179
1254,0x41f3efc6cacd7f82af899fb745ad64575f0dffb15f86870b6ea5434f4953abe6,75,0.6666666666666667,Miner,395,0.5555555555555556,LPC,670
2487,0x8a6830cb4450efd330852429807eab3d678d1209b9ec96cc1e14c7d8017aa786,143,0.6666666666666667,Uranium,395,0.5714285714285714,LPC,8873
7981,0x0c2310e9b6aa16f9da8921e769cb146e0be24e5b66a13c8239e9ff1ab747c000,519,0.6666666666666667,TSURU,290,0.6666666666666667,PHIL,44922
290,0xdbb44d05bc409e3ab79c15478cfb32b01a21d00ab45cdfdfe8731414920a5288,18,0.6666666666666667,Bancor,432,0.5,PANDORA,169
4264,0x7e4fdab234c5cc0742cae8c04be73fca7f8266f6acb2006ca18fe66e6c06639b,298,0.6666666666666667,Swapos,143,0.4444444444444444,Uranium,85119
2486,0x0b976f9ed84646ffd933717e3827c025e6f9977f3a98e68c9418b8648e029acf,143,0.6363636363636364,Uranium,342,0.5454545454545454,Discover,696
1253,0xe3c4fc457c0cd1e05ad84d91cab0f2abcde661004cd556f25900991117f297b4,75,0.6363636363636364,Miner,436,0.6153846153846154,LQDX,213
2989,0xf4a0e489f7912411c07012a21745d9b10786baaa3580e1f0bb6f849cbd66fd65,188,0.625,SHOCO,119,0.5555555555555556,Carrot,535
5698,0x96f9a658b35312179e847594b000e518fe9e33bdf1937de7e4809fcc546e8fd3,395,0.625,LPC,75,0.625,Miner,1049
3876,0xce847a71661fc1125babafa3e2bfd5f7c9740d4d0d7e26bd14e1a3e6d2cca90a,260,0.625,Paraswap,519,0.5,TSURU,1078
1252,0x4440973f84fa0a731f8f155cc5e66f7bc0e5d4d22bc7afa5bc171ef3634972aa,75,0.625,Miner,395,0.5714285714285714,LPC,3552
6526,0x706c9eac859a7deb9266c8a214c1ed3d011fb92c335b1261a278eaaa4375045d,436,0.6153846153846154,LQDX,24,0.4705882352941176,Uerii,221
3720,0x47fa365add4cedd3d9e893748c1c6fe2c90e02103d22790a5064485dd4c19b9c,244,0.6111111111111112,Wdoge,315,0.5714285714285714,pSeudoEth,195
2751,0x03ab3e46ce97b3b85a4ad7d11dc8245f9993f1f8ab7d10ea9fc5a07416f01e15,168,0.6,MetaDragon,432,0.5714285714285714,PANDORA,1395
1251,0x9a68d11475f70f0553cf0f2cb817706bc7fa497ca03692bbaa76ef3a98636f50,75,0.6,Miner,395,0.5,LPC,3323
7959,0x165f9fcf43fe0d40003f4ab69680fee7ad1d4bf77498270db2d7a012a56d2ae4,515,0.6,BNBX,188,0.5,SHOCO,1403
4248,0xa149a9bf3ae9c34f4bf60a7044ca424c11a4a9c459b98af6776c032cbcdd086f,293,0.6,Qixi,395,0.4285714285714286,LPC,196
4263,0xbb20dfdd5f156f6c24012c00153a0f4fa2c3aae6869ca766e77b4c6051e307c6,298,0.6,Swapos,432,0.5,PANDORA,251608
2484,0xbbffa4629b0fc21788d8c380a63ed65a0601c307d75c8b33cfa0c45bc55835b3,143,0.6,Uranium,342,0.5,Discover,225
448,0x0fd80c6ac9ad2e2e91a34be55a8a9c2655ffd4b9cbac9a74c5b33f27493dd009,24,0.5882352941176471,Uerii,436,0.4666666666666667,LQDX,370
1250,0x077dd3814eb03ec3ff6586ece364724e183d08db08c7dd708ef5d8a11b05d05e,75,0.5833333333333333,Miner,475,0.5,SBT,639
2483,0x17c5253bda975288ed92b3aa940a7beffff272362ed76b2d2994cfe1d766a350,143,0.5833333333333333,Uranium,455,0.5,APEMAGA,1029
3164,0xe8bac348f4340436cf4b503b75ebb83090435d4351fffd189f71a7ef2632ffc1,204,0.5789473684210527,DeezNutz404,491,0.5263157894736843,TINU,174
7642,0x654e81a6d406423b44d6fabf30759cd7fe5bbeb4bdc130397e462194d71daf94,499,0.5714285714285714,Melo,298,0.5714285714285714,Swapos,373
2988,0xcf0de2074becfa46dc8b82e764b514ceb7344788d1b8169dddd7eea8cf9bf659,188,0.5714285714285714,SHOCO,293,0.5,Qixi,4048
2952,0xf09ec851e514a90cde0ffb37365d3d19ee9687a042e457e39db3cbeaf849676a,184,0.5714285714285714,YodlRouter,74,0.5714285714285714,RedKeysCoin,1760
592,0x8dd8d0c386b30aa63e8bbb06fc15b58f500729d9f47c70714e2e6fc1dcbc071a,32,0.5714285714285714,LW,436,0.5384615384615384,LQDX,1004
4262,0x6364885249fa6696200b3e765b35f78afbd56eacb96012a65966796667f35074,298,0.5714285714285714,Swapos,143,0.4444444444444444,Uranium,122274
6346,0x931676c0e7522c1f1954b9cbd91658f28f6951e0c3be047c69ff44f210d0c1a4,432,0.5714285714285714,PANDORA,188,0.5714285714285714,SHOCO,6496
5243,0xcb99ce31ccbf5819d74d1d9a13dc77925f1c1b12dcd1ab141073cb71662cf118,374,0.5714285714285714,CIVNFT,519,0.5,TSURU,194
5696,0x226319e91df9e1816a8f5d32d2949c3274185a459f4fe3083ebfc7ac36314733,395,0.5714285714285714,LPC,143,0.5555555555555556,Uranium,407
7980,0x83c920ff667413cb68955effe89b69bac76b4a6749d8cd9e1bd58a4d88736d18,519,0.5714285714285714,TSURU,290,0.5714285714285714,PHIL,4763
3714,0x373c091962efaed5997046d065ffbb42d4810d5b413a040016bf5071fea0c2ca,244,0.5555555555555556,Wdoge,313,0.4444444444444444,BEVO,234
6325,0xe82aaba27b90d8b2ead5e8bab2a62378f29ae2353a52175589c04570681dd856,431,0.5555555555555556,ARK,168,0.5,MetaDragon,293
5695,0x2df297fd4eb4daa850403d10e31c4dcd5aff26e1c36bca661d59a2a0c89f2996,395,0.5555555555555556,LPC,342,0.5555555555555556,Discover,742
1249,0xd5bc9af55d9ab30a9a2d105721f79104c9595907aa7f836a8b51ca95bd898391,75,0.5555555555555556,Miner,395,0.4444444444444444,LPC,46997
4403,0x2fa6865786627277f5143d48725b0e8c1b27cf0cd433e9a2372a250fb6fe9ccd,310,0.5555555555555556,HCT,411,0.5263157894736843,BIGFI,164
2987,0x7d932a5cc43a7c8cfd3bbf66e9b358c9d15200a90ad00a090d377b3caaf9aeb0,188,0.5555555555555556,SHOCO,143,0.5555555555555556,Uranium,32818
3916,0x703fb2193177d299007d36bf5c5c0b176e3c1599e856e7dcb546156aff812aee,270,0.5555555555555556,STRAC,143,0.5555555555555556,Uranium,353
4906,0x4804e5d507062400c790766daba85c05da9404c59f985b6d263a6355f2b41ab3,342,0.5555555555555556,Discover,395,0.5,LPC,646
3874,0xef3a3f612d845b44c25b1e47ea36e37556fd0ff7a99ccd5ecc0536714ed15fb0,260,0.5555555555555556,Paraswap,188,0.5555555555555556,SHOCO,3868
2481,0x9fd13588248629a552f47ef113a508b691c688e4f1537c62d86284b3c2853895,143,0.5555555555555556,Uranium,395,0.4444444444444444,LPC,5577
4905,0xd2686f07b2b8c451e73b71c3fb38bb874f215cac2691363d2b14e2de34d1b08d,342,0.5454545454545454,Discover,75,0.5454545454545454,Miner,202
2480,0xb1c67cb02a9fab5141c4e328aa719ce660fa8ff1836d2a1077ba1c792c87cb34,143,0.5454545454545454,Uranium,436,0.5384615384615384,LQDX,645
1248,0xb4dd2700a30c6441b1832649ec655f0baea45a03da02a6e0d7595025f7acfb8e,75,0.5454545454545454,Miner,395,0.4545454545454546,LPC,1799
6957,0x10cc38778b8ead25aa6f472a3019f71dabd7a24af86158df4c1f532805422ee5,457,0.5454545454545454,MaestroRouter2,344,0.4545454545454546,SCROLL,603
2429,0x3d70bfa5e9860702de9f334b4a051862852170fa27fbbdf8913cb5e284f5dc40,136,0.5454545454545454,RabbyWallet,279,0.5,MEV,2913
4942,0x511004f286f7c02b6dac14c3d2db8d4e003afa2c58259eb650fd6f1af3584c97,344,0.5454545454545454,SCROLL,515,0.4,BNBX,3613
6519,0xb06234ac6d3be33f7efdf459ea6e110a5e82159d9a026e89cf8720bfed8a3916,436,0.5384615384615384,LQDX,75,0.5,Miner,2250
1247,0x0b3c34bca725e578a5439349af46455b7ec17ecf81ffec39d4ea17e4e1244507,75,0.5384615384615384,Miner,244,0.5,Wdoge,256
6518,0x44063692840250ea31c3eb3f2e5e0343d16922c0ed52d5339349353355a3cf39,436,0.5333333333333333,LQDX,38,0.4761904761904761,DFS,499
2478,0xe14f86e99f3ba9a8c932088021c6e874df0d26ca530f0130fe03a37ad2226492,143,0.5333333333333333,Uranium,164,0.4782608695652174,JokInTheBox,231
7958,0x9b1e33a6d604f8c8f221715eff8274f0bab80dd98eb3892335b5853db95a6ec8,515,0.5333333333333333,BNBX,32,0.5,LW,683
446,0xf09e9202cc9fef8e7b072efa1249b394a5c35771fdbf7edceedee5cfdffcf157,24,0.5294117647058824,Uerii,407,0.4166666666666666,DN404,2924
587,0x3fa172dd71acd6f7cb6c4cb256a0b3367684edac6059a05cef60c09af9c338bf,32,0.5263157894736843,LW,436,0.4210526315789473,LQDX,541
7058,0x1739237f7ee38d308c99516c1621bf698ac2fb2a121e92bb7ee4f90a13432d53,466,0.5263157894736843,Juice,436,0.4615384615384615,LQDX,1356
3158,0x43a200ac15ee99a6755923a8596448c29b1d721cdf9a809d621a86e3c7bff296,204,0.5263157894736843,DeezNutz404,455,0.5,APEMAGA,340
4353,0xc47c3b93ccfe8ae44af86a2f13677764e574df8fe5938902499dd37c70994e92,306,0.5217391304347826,PeapodsFinance,96,0.5217391304347826,BarleyFinance,413
2731,0xaed274eeab7f2e0d83bcb8d45d3e0f7e76609ead52a3dabc2ed47b80f271e705,164,0.5217391304347826,JokInTheBox,32,0.4375,LW,2154
5894,0x4cb28e87c0a4e8675985b3bcfff8a73a977ef1025bf2dd00a04187a9973890df,407,0.5,DN404,260,0.5,Paraswap,6395
2749,0xc36595b3bb2d737a64f14f78ac6f1e6a097f4585b7bc5e2270ffdd2ff8710365,168,0.5,MetaDragon,515,0.4666666666666667,BNBX,183
6323,0x723a6ecc12ff077e45bf7a4a1129f86cac39eec42aa34af2b72f07df22d08749,431,0.5,ARK,168,0.5,MetaDragon,522
3607,0xc35623e2eb9ed1e95548ad2b40c33681ddd5237d046c1456c16474ad86650d5e,236,0.5,Chainge,75,0.5,Miner,22583
3751,0x0c403b237bb40277c310f0f8879dffe8fffec3c1a87aa5bebc78ca644ee67a24,246,0.5,OLIFE,204,0.4736842105263158,DeezNutz404,155
5693,0xcd95da29b2f0e061a02f604d2bce708403b9261fe1765b9bcdb1dfb6aa20dfa1,395,0.5,LPC,75,0.5,Miner,1537
1246,0x26cc471ca9ca1fb21969241d2032b4ac506fc054b2127c0d71c0b01a8972bbd7,75,0.5,Miner,395,0.4285714285714286,LPC,19510
335,0xa51cf67efb2f0fc35935642102e9ca263a457077a953c29d2662cd4d377dd4fb,22,0.5,KR,298,0.4444444444444444,Swapos,166
3185,0xa0ac060df2a0f11f478037ba1c9d9507f28de11a3159e66771e67cfe61c95066,208,0.5,BabySwap,143,0.5,Uranium,151
7641,0xff2a439a56ec7b4685b57b81f4ad4f531061d7e4fe8af2d7d5fb0c3cf0673adf,499,0.5,Melo,298,0.5,Swapos,1115
1774,0x7b44d7f81e30b85843e3a34e9d50d5c6b43b23984454c3572eb224ca6f146fb6,98,0.5,RevertFinance,75,0.5,Miner,1408
3705,0x72c640bd55d9731f5b4727904add1b6f1692c10fc1f437028c936f1c41be3e99,244,0.5,Wdoge,222,0.4736842105263158,BBOX,678
6935,0xd6f3ec3a1af88d0deca406fd75bd7209c8ed9b31250bbe587c00e2508b655dcd,455,0.5,APEMAGA,23,0.4499999999999999,BXH,1780
6344,0x25f7a63bb454d2b6555c25362a3dac57a33d633afc0ce4e79ccbe7aa4836e23e,432,0.5,PANDORA,188,0.4285714285714286,SHOCO,29312
2950,0x72c89af87b143dc5b90f2d10cdb52f53489ec7b60a44caf43be243ce8db1b4c2,184,0.5,YodlRouter,75,0.5,Miner,832
4402,0xbaed5e847540d4b36526d925986dd5b27ac6fc17dde76c5a6ab85d6e48ac5956,310,0.5,HCT,273,0.4499999999999999,Leetswap,216
2986,0x4ede6022094af3ca69323f9a5cca2d1006a473d1cf839b87b0aab5d94c37ff65,188,0.5,SHOCO,143,0.5,Uranium,12244
4025,0x1575e18a1c5ebbca473b50989f2eeaaf7734d26a6c972f7ea4c86840f0d495c0,279,0.5,MEV,98,0.5,RevertFinance,1441
3776,0xafb016e82ed0685a1bcab99eb41dfdce38ffc89c01b285798459a598843c2959,248,0.5,FAPEN,298,0.375,Swapos,23147
3873,0xc4e0b2071a964fedaa47ba8755abd1678ee5c3373ad52a4642c80f20e680ddc3,260,0.5,Paraswap,188,0.5,SHOCO,1967
4818,0x89df6c772bcd725475ce96417c83988057e9ad574f259d9f669e2835fce4237d,333,0.5,WIFCOIN,494,0.4814814814814815,WSM,247
4481,0x59c2454cea2d282aa6cbabe659f62fc094bf5ee49c5aa1004579c0413ed2179e,313,0.5,BEVO,244,0.5,Wdoge,728
716,0x0ff22531f776b4f2bcea91c4d9e998d2e17efd4020dbc4d815243012b28a7c05,40,0.5,GHT,436,0.3076923076923077,LQDX,340
2477,0x3c401032b8bea9ee34ed6ff5c7ba6add30ade0689560ef901b2ad4196b980049,143,0.5,Uranium,298,0.4,Swapos,2150
6514,0xce57ae7c2d941e0bf011418296c5e2e8a89f54d793267034b36c1862c7164962,436,0.5,LQDX,200,0.5,FiberRouter,938
2427,0x36057611b8107d8cb2f0980d15f01c3873d08dbf6b263e87d2b904833e18c01a,136,0.5,RabbyWallet,75,0.5,Miner,268
586,0x8bea63244a4ed3f2a0371c854f99c3ddb9e6950a74ec8688467529c788ef2c22,32,0.5,LW,24,0.4705882352941176,Uerii,1531
4261,0x509c51e591961683196a95db901fa6e3f44358eece6c3249362a2c9a9265c8f6,298,0.5,Swapos,432,0.3333333333333333,PANDORA,117279
7979,0xc659ee258b7df4502380d47cd78d341da98783b52ee65e0bc4c8c62f2fba98cd,519,0.5,TSURU,293,0.5,Qixi,54282
372,0x67fea646d5f01eed1bb9b5abbd4a5f60506f3d7b4602e3f1cc21e285984092ef,23,0.5,BXH,364,0.4736842105263158,GFA,436
7617,0x1a144f8021d91662ebf71de0503593b83a06a3f9c4ce74e3d2770e9d0fb176a7,494,0.4814814814814815,WSM,24,0.4583333333333333,Uerii,662
4216,0xb712a2728b6b5ab0c5bf414404998abf2771c65583c9da047eb4aa7c4ea34b2b,287,0.48,MEVa47b,24,0.4499999999999999,Uerii,155
4349,0x2eaa416c8c76176cdccae7cae95cb92baa1482e0663ff4197063ce1728a60197,306,0.4782608695652174,PeapodsFinance,96,0.4782608695652174,BarleyFinance,415
2730,0x82b72bcd49ffdb9bcd184e9cdd81f95522b1ff18a08227173d833d6fd8811161,164,0.4782608695652174,JokInTheBox,5,0.4761904761904761,SpaceGodzilla,2753
673,0xc4b322fbd4de639738664fe3cfe79cd9cf2afa8bed0ca07a7feadacc02709ffe,38,0.4761904761904761,DFS,143,0.4666666666666667,Uranium,309
198,0xa80433423b2885d99faaa13c1c309837852be78398306750db48c946579d6d92,5,0.4761904761904761,SpaceGodzilla,436,0.4210526315789473,LQDX,415
439,0x9662af00718f3b5cb5652e47d32721c8667a65178cbf2848fae6d0c88eb136ae,24,0.4761904761904761,Uerii,409,0.3103448275862068,BBT,237
3150,0x7f1fb8c4d263a8c7e6bbbbbdc4a9653dca5b3f7bf72b072a9a5cc9ce92f78ec9,204,0.4736842105263158,DeezNutz404,244,0.4444444444444444,Wdoge,508
3341,0x611e259b7883ce0c199ad147b6864820e13ccbee91192541820023cf1e414474,217,0.4736842105263158,BDEX,244,0.4444444444444444,Wdoge,395
583,0x1420c7663424e2d5ba6e2c056acde3bff1e91d49a8d55a6f0b7b5903c89aa811,32,0.4736842105263158,LW,478,0.4,Zeed,1753
7054,0x0ac8edd911da8c6c0ce79bca77f59d86ff8b0aaa1d5354de59ebc0f1c3cd5c8d,466,0.4736842105263158,Juice,130,0.4230769230769231,Binemon,817
6511,0x5f82df1f3e720319088e08d6079425703858aa2dd85de4d6ef902e191b0c9f60,436,0.4736842105263158,LQDX,494,0.4074074074074074,WSM,222
6510,0x0fadf061b5e7df6ec1cd5dc4097a3b8ee45b959466262907ee7139f6987daa17,436,0.4705882352941176,LQDX,200,0.4,FiberRouter,326
582,0x5a3758e3971144604e4d199c654193099ad911e88e633578cd471f2bee601e5c,32,0.4705882352941176,LW,515,0.4117647058823529,BNBX,400
437,0xb6cbd192eacec0ef4a4860681894ce7828ff644c5d2e4e91bd3509fa30ec9fd7,24,0.4705882352941176,Uerii,136,0.4615384615384615,RabbyWallet,11640
6003,0x8e7e261e30b7d3f2cb0f1f3412363a00fc21a69fd6bfbd2644e869160bbbc3e0,417,0.4705882352941176,DKP,38,0.4285714285714286,DFS,158
6074,0x7131103c5543538accfe67fc8d510a93dc139729f29084f0bc3eb76c71a92674,425,0.4666666666666667,FDP,395,0.4545454545454546,LPC,664
1245,0x4d36fc798ae43db5618a0d105727b0b0edc24c60749db0ff35a1223406acd3cf,75,0.4666666666666667,Miner,22,0.4,KR,181
6509,0x3fad0a77be39530cb44bc7dc9e742cd4fa4828e59b28dfc555fda3430682dd85,436,0.4666666666666667,LQDX,428,0.4210526315789473,Sushi,950
581,0x7745bb3f821b1eb285fbac528d9b4fb5f44d265262d8883160de7403133147f5,32,0.4666666666666667,LW,23,0.4499999999999999,BXH,177
7953,0x98bc8d86e458c0389e48eb919ebd1eee2b7b53c8a2b80e46f7501d93a2d81fd6,515,0.4666666666666667,BNBX,344,0.3846153846153846,SCROLL,2736
985,0x5a205ae5bfc95da01803195827e9b2a940317403759783d1a93be3d11a450f7e,59,0.4666666666666667,ATK,32,0.4285714285714286,LW,1900
3270,0xf6d9e6aabaf1edcc1ddcf4ce0238bd95b5e0155ecea3d60df06e3744becb4488,216,0.4615384615384615,Bitpaidio,75,0.4615384615384615,Miner,235
6508,0x585c5d16666dcc7988a2692461c08de74d32c47f32e6537b86db1fb75263c993,436,0.4615384615384615,LQDX,209,0.4615384615384615,MintoFinance,3712
2474,0x27bdcb163e250ca54daab5a667bd994b871443104716ba264a944d6de7aeef2f,143,0.4615384615384615,Uranium,244,0.3888888888888888,Wdoge,476
6561,0xaa71577a1b7a64f0fef181796b16dc87f15a76883f1938b69a3857c0e1a1a6ed,439,0.4615384615384615,TransitFinance,519,0.375,TSURU,506
50,0x9122d2e34ccf90a16e5ecf91cb72ea82858c0934caae4e935852fb70b7bd7bfb,2,0.4615384615384615,GPU,494,0.4444444444444444,WSM,301
1244,0xeaf653a8f6f1bd34000db936a8f9366cedb3baa3fa487a56e2e7cc9d92b1e788,75,0.4615384615384615,Miner,395,0.3846153846153846,LPC,1640
3207,0x9f9919c9108c2e915e36b4dd61f9ed11a9fafcade23230033619dffcde042b38,209,0.4615384615384615,MintoFinance,290,0.4545454545454546,PHIL,322
2985,0xe0eecbd99678574b05cfa7d330945a0160788d707b2269a3dcec98c146d6f93e,188,0.4545454545454546,SHOCO,143,0.4545454545454546,Uranium,1186
3912,0xdb7cc0a72e4a5a4b59022be2cf252c1a9836d25d02e96f5b2845d28d92d27269,270,0.4545454545454546,STRAC,188,0.4545454545454546,SHOCO,290
6955,0x72e8ff390489870c5609b22a86bfa3e2bbdd3cad96d4b54865be63d7be96a402,457,0.4545454545454546,MaestroRouter2,152,0.4166666666666666,NOON,411
1243,0xc75a19ee31dad432057a2155e3b00fd3ee4e031daa1ca04d1e2f36742fe4d92d,75,0.4545454545454546,Miner,216,0.3846153846153846,Bitpaidio,3677
5893,0x01e2465d02bf18ad812311d1c8879cccbd6ac7d6de8a6553315ff10f5fc05a35,407,0.4545454545454546,DN404,260,0.4545454545454546,Paraswap,1507
1772,0x8f7509b1080b20981b93e4db9f21c0e847c8423f45fbfbb138892c110e20100d,98,0.4545454545454546,RevertFinance,436,0.3846153846153846,LQDX,2009
5691,0xe4550a67c5d0956a0843ac18dd295364e7f0f91188589ea2a4612b57e4d08003,395,0.4545454545454546,LPC,75,0.4545454545454546,Miner,400
4937,0xb1ffaf5d55fe7d2771d0c6e74bbcf6602e2a31b1aeb947cd91d1f50b5cbaed81,344,0.4545454545454546,SCROLL,515,0.4,BNBX,1560
3872,0xe8344b25180206f69f5653665ee37c7ac55cd3a90a377cb6f8acf0d9cd4c4e20,260,0.4545454545454546,Paraswap,24,0.4117647058823529,Uerii,771
3775,0x41336cc9665027daa4ee9c97d74ca193decd44446052ab2d1be75ab19c662d69,248,0.4545454545454546,FAPEN,471,0.4,LocalTrader,795
2424,0x0379ff62437ffe2b2660fad20f30f92a2995bf4f38365842cb3d2191452847a9,136,0.4545454545454546,RabbyWallet,342,0.4444444444444444,Discover,1958
2473,0xb4481b8495a19adc97aa58242dbd7c60e3ca2a26d9e64c7d915dfa449d263f94,143,0.4545454545454546,Uranium,75,0.4545454545454546,Miner,253
6505,0x372e409a499ae336c956e27152b3e4db09a052bc23b51729e6e9e030c02882e8,436,0.4499999999999999,LQDX,112,0.3666666666666667,JulSwap,405
367,0x13c71fc094e7180b32b57e435cf28c99c95464592a9bd9b6d4016cb0f3c858eb,23,0.4499999999999999,BXH,57,0.4444444444444444,FFIST,585
3078,0x200944ecace328b83f69aadd3389d1ee891c9e23f9deceafdaebcaf2af0e6f9f,200,0.4499999999999999,FiberRouter,284,0.4444444444444444,MEVbot,387
4812,0xa5ba4e86f4aeeb50923752ddf05a59ab4474fcec2d1da1e167d992cba3a1e3da,333,0.4499999999999999,WIFCOIN,56,0.4230769230769231,XST,805
433,0x1a9ec57a6f337cd267e2165359d4fcac88e711d484558ac85f1e43f67d60a405,24,0.4499999999999999,Uerii,287,0.4399999999999999,MEVa47b,170
4094,0x13189449b760bf722329a26d5cfc11943c29b2c995b7b12991b76e5dbe5a417a,284,0.4482758620689655,MEVbot,348,0.4333333333333333,ULME,169
2472,0x9030e52dd286e2a3412fc6346f05860cd9d137758a55d4a3d2800d42edfaa620,143,0.4444444444444444,Uranium,298,0.4285714285714286,Swapos,35252
6504,0xa4f4b70e8a92d8c8bad0ca40fbc280f7d10eaf50c27a20fc2705a968714731f8,436,0.4444444444444444,LQDX,417,0.4444444444444444,DKP,1054
948,0xf9a44d76a0d7b20855628393da980b32bdec4bf61bcea2f50d588c3af55cf07e,57,0.4444444444444444,FFIST,143,0.4375,Uranium,207
4246,0xd3a6b61baee0f1f117e2d4096bc9f50abc295c271ccbdd39eb8174550736a926,293,0.4444444444444444,Qixi,236,0.4444444444444444,Chainge,403
518,0x06325fdf6d192161eb92f821db009372de213cc3f883fc2988476f8138850cb2,27,0.4444444444444444,BNB48MEVBot,57,0.4210526315789473,FFIST,175
7978,0x2d932ef8bc28cea31024404b201150da2c7719b54d205b8c8fd3146c072b11be,519,0.4444444444444444,TSURU,290,0.4444444444444444,PHIL,7931
4260,0xb89b445466af3a1f80e5c0af5534ffe684c2c23d23c254d148f28cfebcf29823,298,0.4444444444444444,Swapos,143,0.4444444444444444,Uranium,5473
4475,0x59f085b8b4ba20cb57cc7cc59fad18ce3253bad8bdb20b8c97d2b1ef2364e98d,313,0.4444444444444444,BEVO,244,0.4444444444444444,Wdoge,1314
3694,0xc0c599e90121c154d8473b5c05efc4662706d70476db47790cecb387fcd8c527,244,0.4444444444444444,Wdoge,164,0.3913043478260869,JokInTheBox,800
6342,0xe5616393e600a59b4853b4ae400282b38c3ab0ca65febb944f08777c527a6d2f,432,0.4444444444444444,PANDORA,248,0.4,FAPEN,758
5690,0xdc4f0a83f6f29b1985228bf5361a1a353210d14519116ca0b5989b7a7ac25cb7,395,0.4444444444444444,LPC,75,0.4444444444444444,Miner,8088
4901,0xc7ee2a7f2ad9ce0741ff5ce32da96291f56c5bcbbeebb5edc431bd28a3873f24,342,0.4444444444444444,Discover,432,0.4285714285714286,PANDORA,3442
6797,0x6f0381355883a0f3067888be35ead3d089a17fb360941f43998bcc1548d3951c,445,0.4444444444444444,BEARNDAO,364,0.4444444444444444,GFA,177
1242,0xdd5b79a76d5d3b20ac1862a1693c2ed689af4f87f7faeada6be3940fbef467ab,75,0.4444444444444444,Miner,22,0.4,KR,1226
7611,0x4990f106d9e67398a0a3e5557c5c1ac730d6d9ef2efa6939195d26e95dde7dad,494,0.4444444444444444,WSM,436,0.4375,LQDX,309
578,0x41b2c3283b5bd8a42c90b0d9c997d92ccf83d528de415d2af8c4811000dfb727,32,0.4444444444444444,LW,217,0.4210526315789473,BDEX,236
4208,0xbfebbfe8ce79417b137e622ac168079937efdfe34eb38c46987ea0d7dba5c504,287,0.4399999999999999,MEVa47b,32,0.4117647058823529,LW,844
2724,0xe628bd823c7b0f3445ba1791e74ba420f0bd1d9b116c20a6843d5015264cf562,164,0.4399999999999999,JokInTheBox,436,0.4,LQDX,588
6929,0x4cc8a3ce049978f9f4b545e39ed03b1f45da72557232cdf18201a8861a9fd23a,455,0.4375,APEMAGA,59,0.4,ATK,370
4936,0xeae398105aa8be3c9276b125287f36bb079f82811569f91e0c52a1fa2884cc76,344,0.4375,SCROLL,471,0.375,LocalTrader,244
1241,0x58873522705f8436d01ba5b769f382bb325292a1d11f17bc2f1c94929b760561,75,0.4375,Miner,38,0.4285714285714286,DFS,157
7122,0x5581ef5998cec39a1d2ecf8141cd548fa3d6e351f1c9ea1c306b3f32f7a0692b,471,0.4375,LocalTrader,515,0.375,BNBX,223
7950,0x74d4c8438de11017aad7201e2122ced1fdaaaee82913c9d463b02b3025a8b6f4,515,0.4375,BNBX,436,0.3125,LQDX,713
6502,0xcc7e259e99d9e5a11d07d299a4b506364e3501d4e6e5b6997da22221d1f48c70,436,0.4375,LQDX,333,0.35,WIFCOIN,708
2421,0xeaaca6642d544852d1285e5e4685ca5a7299d1abb124aac31ffc72597f66f245,136,0.4375,RabbyWallet,306,0.4347826086956522,PeapodsFinance,880
3268,0x102d68e57ec1f6adc4cc9ee0e9f8129478d79261aa3687c59c1900ed1eb56b5d,216,0.4375,Bitpaidio,515,0.375,BNBX,402
3744,0xa516a5afdcba76440a88a53e991970d08154869dcc1acccb022e083d84d5f247,246,0.4375,OLIFE,425,0.4,FDP,607
2723,0x30819048bf608105cfb1f106e6f6768c63947a4e58bb01c2973aca2be8f13bda,164,0.4347826086956522,JokInTheBox,2,0.4230769230769231,GPU,388
4342,0xfa2daf7229e4ef8923dabaa2c8d8272807f4e036fc8b578867f87fdf0d1865f5,306,0.4347826086956522,PeapodsFinance,96,0.4347826086956522,BarleyFinance,177
2054,0xb03e3b42c3fe2b3889f8b51f6760bdbd68e7a71c1f3e80fddfffa140d53cabb7,116,0.4347826086956522,TGC,436,0.4210526315789473,LQDX,316
710,0xe98f9c95ec584fcacabad424ac411d7ec35eaf1ea81e179e026a9a2f1708eca7,40,0.4285714285714286,GHT,75,0.3571428571428571,Miner,221
5689,0x1af44a40efb41cab64c2adb0caf14958f52c637a9c3268f21baf1becd7df9698,395,0.4285714285714286,LPC,188,0.4285714285714286,SHOCO,1056
1240,0x53c75d54a8ba7b1129cf165a78f70faadd9ebd8fd250afcf14427f9d9cb41ac9,75,0.4285714285714286,Miner,217,0.4210526315789473,BDEX,267
6868,0xbcf453a19b08c30bc0752f0935bcc009309081b4995b7ac4c371e97c23278a38,450,0.4285714285714286,UniBot,432,0.4285714285714286,PANDORA,202
7638,0xe6e3468d78981f4d3c89735569832ffed0e867bf84a562b314e83484947a6dc7,499,0.4285714285714286,Melo,188,0.4285714285714286,SHOCO,270
7977,0xb9c94c4481424532524a8695c479e006e8e79193d7639bd7d588abcb158d4749,519,0.4285714285714286,TSURU,293,0.4285714285714286,Qixi,5935
2983,0xa3387752f7bc7c07e5c2928960302b37a189728d4c2bed66b49ff3b5392d6420,188,0.4285714285714286,SHOCO,248,0.4,FAPEN,41714
2470,0xd8015f616274098b3e916d4b7597cd63acb3deeb13cf39971f9445fcf957056b,143,0.4285714285714286,Uranium,120,0.4210526315789473,Utopia,457
574,0x9b2c89e91e32dc9a2ffa65b04643082b20559efed661bde44a56a6bc79b17288,32,0.4285714285714286,LW,24,0.4117647058823529,Uerii,2492
8138,0xa3f5eb0f1ddbe28d5b2f137a1613a867a100830d4c6af80004c2ac8e77066b07,521,0.4285714285714286,EEE,404,0.4117647058823529,ElasticSwap,152
182,0xf80dd22cdf3886fc75a881b2087a54effed63b72d3e6607dfc6f47a8f7f03b12,5,0.4285714285714286,SpaceGodzilla,2,0.3846153846153846,GPU,1052
2991,0x9bb082c0e0591f234ea5f3fa6d6f88e931d4659cba2d29653af82bf40d4962da,189,0.4285714285714286,TransitSwap,75,0.375,Miner,708
4541,0xbd9a72fb1b81e4b9856a12238ba132e1ce89e2a9d569d2e509e290b94909924c,316,0.4285714285714286,Upswing,342,0.4,Discover,187
4259,0x58acf4b838cca4763743ebab7847de08f5cc980fd7fb055ba8dbbea753b1603f,298,0.4285714285714286,Swapos,279,0.4285714285714286,MEV,456
2420,0xa82020fef825db51fe2843639e06a9a008978646cf96764d945797056892fd8a,136,0.4285714285714286,RabbyWallet,131,0.4285714285714286,Opyn,293
6500,0x4f5fbee3841be2b28184e829afea0d875524634bbbb9e63f597c9daf5ed70c87,436,0.4285714285714286,LQDX,200,0.4285714285714286,FiberRouter,1772
669,0xb6792092c9b053c5d5eefb04ac9743656c6214608e78dabb8ec09038020f39ae,38,0.4285714285714286,DFS,33,0.4210526315789473,Snood,333
6341,0xecc6b4cad9040461c4d57b0e8d4cff402c43623fb4dd7d74d9e256fd519b8979,432,0.4285714285714286,PANDORA,298,0.2857142857142857,Swapos,20065
909,0xd2702517e7c8d4046d6c36c25e409c1a73a95fa41057e9226e3573dd35157a02,56,0.4230769230769231,XST,30,0.4074074074074074,NovaXM2E,321
43,0xeed52fa08932c9a067fb890fa903184cf09947576024ce3cc44210d76946d3ba,2,0.4230769230769231,GPU,27,0.4074074074074074,BNB48MEVBot,160
2382,0x807af3f0f1c60ba92c01baf531db24324864bcc6d247f05b0367b38dcc88d83a,130,0.4230769230769231,Binemon,30,0.4074074074074074,NovaXM2E,216
427,0xdb3e72c1f29fb0be4e538c1119672396ff97385247ad2b7a6ea03cee3421ab06,24,0.4210526315789473,Uerii,40,0.368421052631579,GHT,424
3137,0xe5d2e024089a7d54d720c47de86529ccddff5e2cb6ee846ca45792c2b64761f7,204,0.4210526315789473,DeezNutz404,436,0.4,LQDX,215
2224,0x5afcb2ba78b7481cda48751456958cd1a8605bce66781526ca74b11263e4cb3a,120,0.4210526315789473,Utopia,23,0.4,BXH,259
7047,0xd47a96c3d827e8fca34ed3c96f7feb616cdc110c29db7125e4f0b96b21000541,466,0.4210526315789473,Juice,436,0.4117647058823529,LQDX,2111
5150,0x0b6a1c291634d681fc5600110ac8d374eeab2f4a7b23c933a09d7f2da63b052a,364,0.4210526315789473,GFA,270,0.3157894736842105,STRAC,152
6296,0xaa1036cfabb54f5008ab5f9646bae83876969b99e762e4eb6f27afd44b70700a,428,0.4210526315789473,Sushi,310,0.3888888888888888,HCT,954
6498,0xa3fd6eba90852214fb60a4e08bf4b5fe7d530301d351af2eb4f37e80ccf05d3a,436,0.4210526315789473,LQDX,417,0.4210526315789473,DKP,1152
3331,0xa26a144a891180df34f31452611c240b3a0ca3ed0dc455f465912a83b54bdde4,217,0.4210526315789473,BDEX,333,0.4,WIFCOIN,672
6340,0x1010f11adce5a335503caf385899772a0b8bcd5c173639aaa3670d03b25f9c2d,432,0.4166666666666666,PANDORA,248,0.4166666666666666,FAPEN,380
1239,0xba2549ae5943461c691cef242493bd7c2399ec82355a3143bde0e7b9d1df52f3,75,0.4166666666666666,Miner,519,0.3333333333333333,TSURU,6821
5890,0xcb4e4cf4d3a367f85de247e19e64d4b94913e73fcd7286db46e7d034591a0a0b,407,0.4166666666666666,DN404,398,0.3529411764705882,IT,172
6318,0x27135a718026967b28f59f060957b4e0b129f8426a03f4c3d03ea47075453b45,431,0.4166666666666666,ARK,168,0.4166666666666666,MetaDragon,999
3774,0xe0dfd79481dc9e05cf4d6e60d49db884e661d351621c046c25acf56b384cc648,248,0.4166666666666666,FAPEN,32,0.3571428571428571,LW,2062
708,0x7b45f3c08c0d0e845fa5c5b0a2789fd14630d8a5fbaf5ab0bfc0793f13aa617c,40,0.4166666666666666,GHT,333,0.3,WIFCOIN,779
6497,0x391cd327e076cada6dde30b4830b6ed851a1f6804677c8541e9329b59188da11,436,0.4166666666666666,LQDX,5,0.4166666666666666,SpaceGodzilla,1303
5688,0x96de96d25cc279285d316925c4dceea23158d1bfa1976a98833248f475ad1811,395,0.4166666666666666,LPC,342,0.4166666666666666,Discover,310
3870,0x9e3ac59a54749efa50a6f3627bd02801e7d6e8f684dcc81739c97cfd22ea9502,260,0.4166666666666666,Paraswap,75,0.4166666666666666,Miner,428
2718,0x32188d3018ce2fcc6fbac1fa862c9d6913b39166626fa11fdab74c63934df0bb,164,0.4166666666666666,JokInTheBox,333,0.375,WIFCOIN,523
2468,0x412201133a23882a737a25551da3fe7a3d96b36cc0d4cb5dbcab74dc17c6478c,143,0.4166666666666666,Uranium,75,0.4166666666666666,Miner,811
2982,0x918b304ae097542ae315729a2e1bf16ea2103be5072c43fa8a2e995f9834ca0a,188,0.4166666666666666,SHOCO,143,0.4166666666666666,Uranium,1852
7121,0xe397e35e4aa14effd2ad5b9c258f21e8db403638b46e9cbac8e9a08d458aa20b,471,0.4117647058823529,LocalTrader,515,0.3529411764705882,BNBX,237
3265,0xa693eb364e3aeb2911433c265b21a1ea3ee730436a9eb80dcbe8bfa709534ff9,216,0.4117647058823529,Bitpaidio,515,0.3529411764705882,BNBX,2115
424,0x985338cbbb006e92c8f229046df8ae06303f97b37e539e6e1bab54f04692ab61,24,0.4117647058823529,Uerii,436,0.3571428571428571,LQDX,1953
3852,0xf47bf790d5ed8ae5323ca8390e5212c3ad2feddc62a10c9d343521bd57918ad8,259,0.4117647058823529,Z123,310,0.3333333333333333,HCT,3217
6496,0x05fabf8dae9f29892562ba415907bc63a727e607e0078207f57d7531515ef039,436,0.4117647058823529,LQDX,59,0.3529411764705882,ATK,535
1171,0xc6caa5ba4dbf4ceb99efbafabf4b3980de1066df8597da9e19d4d86e9caf5546,60,0.4117647058823529,LiFi,230,0.3939393939393939,MBC,196
5994,0x6551d61d88f2d4da4b77bc70401ecfef67bba3fe78cb7925cd24f439b1936b74,417,0.4117647058823529,DKP,168,0.4,MetaDragon,316
5780,0x6f25c2ac49816532691a8c98cd98fa23b7e5b432fea7d6cf31ebe515e5696a3d,399,0.4117647058823529,Bankroll,244,0.3888888888888888,Wdoge,576
4933,0x8d61405366af73c5880a943d165546a1069709148e0f005b6650e6c608884312,344,0.4117647058823529,SCROLL,515,0.3529411764705882,BNBX,480
6495,0xdef88b01e6a2179b8d4147f9cab8e88e9199231a4753bc5d70065e3c4785ab2b,436,0.409090909090909,LQDX,217,0.409090909090909,BDEX,587
2716,0xca28278dcc747c13cb16fbb04f9bdf4079b65a89a771fdd8e82415a52776e38c,164,0.4074074074074074,JokInTheBox,436,0.3703703703703703,LQDX,11507
3598,0x62b2cf258ddde6cffc0f772018d4eed63d3d95b8725aacea234c18775879fad5,235,0.4074074074074074,OTSeaStaking,515,0.375,BNBX,246
7603,0x9e588bcf6c4f5ce11de7ecc70c927eb07d0edbfa83383a7cd3e9977272d67b80,494,0.4074074074074074,WSM,38,0.3809523809523809,DFS,241
7120,0x0b21444b03543ebf20255ea2416b5ce48889ea8cdbd287fa21b79fc0a380ff64,471,0.4,LocalTrader,431,0.3846153846153846,ARK,764
7043,0x9a3cb35fe5bcb6d2a55d0d9cdc3b1f6a4de068151542aba80375d1b1e0549c82,466,0.4,Juice,492,0.3461538461538461,Will,154
3067,0x004ee97a39cf1be80c86f52deeb957ab680194dfd12a3ff755738f08f1e33786,200,0.4,FiberRouter,208,0.3,BabySwap,414
421,0x3e5b4450d3452c77edb8dec26e047b54262752e18e524abb3759cb362715fe73,24,0.4,Uerii,436,0.35,LQDX,168
7976,0xf7f356fadde295592c2f9910075260da46922f391f26c99526b705c90f69014f,519,0.4,TSURU,290,0.4,PHIL,4671
3264,0xe8cc7604f2442f955faea7beb7b8a07f86144c178b7a83725934c7ebc4b8284f,216,0.4,Bitpaidio,75,0.4,Miner,160
978,0x9b195505e81dfa878b8f9d34fb480d3069b899c7c8912a3c0802848e2ccec1df,59,0.4,ATK,246,0.375,OLIFE,3572
1237,0xa6347d84bc3ad5d2f74d51339e7cdf693c16abd0bcc055e93ebf814f53226e5f,75,0.4,Miner,395,0.3333333333333333,LPC,316
1768,0x0b757d022fac8c0a37de022ef9ab08edb329c885321bf1865a810714e0b2d470,98,0.4,RevertFinance,519,0.375,TSURU,5105
7944,0xf9550d2cbb81a1b70a7064cf27ce697dbe3dd807cf9182d9e7fc0deb4537bfdd,515,0.4,BNBX,344,0.3636363636363636,SCROLL,5049
1370,0xbc00fb7c6a659f5cbf912654c4e4727a9730f21e9883796a3f49525c49a4bcd8,89,0.4,ZS,24,0.4,Uerii,152
6066,0x0b21756bfc63296d5b247190d771f17615fc0a331bfb340f7620659c92b2e118,425,0.4,FDP,59,0.4,ATK,516
4801,0x0521341f480d5b0b630e69d43073163d4085bb9cfa7a0d75cb91aabbaa072ec8,333,0.4,WIFCOIN,436,0.375,LQDX,2264
3967,0x82af4ab4fe341ce4b678759183f5ad82f643d584a5fa99e72c048cb83e896203,273,0.4,Leetswap,315,0.3809523809523809,pSeudoEth,305
4258,0x5b0171bcc8ae77852c48b543490337063de271a42d03177bdd71aa95a168d9d7,298,0.4,Swapos,143,0.4,Uranium,1514
2981,0x8dba97bed80df968b8a38608d1c6fff8f5a6a5158314d312e922c6b75174c15a,188,0.4,SHOCO,75,0.4,Miner,240
6339,0x358db098e9c647bc35b4b2653272f73c53aac097a7bbcd28e0629cf745356399,432,0.4,PANDORA,344,0.3636363636363636,SCROLL,3626
2025,0x8349875d84268cf472d5ab633c74b9c8771ef3e84588d3d5670182c0c065f2e8,112,0.4,JulSwap,466,0.3636363636363636,Juice,1189
6493,0x5e09b4f898c5ce1ae50b5b175de517edd61542fdee35fc38fc4e7a9456ad5a1a,436,0.4,LQDX,5,0.3809523809523809,SpaceGodzilla,4544
5687,0x7408271208ae7a25389e3ac99718baef46034f5c1203bc885d69809febddb541,395,0.4,LPC,342,0.4,Discover,1386
2466,0x389796c28b4178c73c1f74c41ad912cc18dca5296396ff0b3de9352f66bb16a3,143,0.4,Uranium,310,0.3888888888888888,HCT,250
3773,0x7d7d345c8287aa2dcfcfaaf4499c01f43ee554d3703a0d6b904dcd07eedbf470,248,0.4,FAPEN,188,0.375,SHOCO,96907
4196,0x44b0b95527e6292342b32ff233038db8e846532a3b4bf770b393953c78f43bd4,287,0.4,MEVa47b,116,0.3913043478260869,TGC,166
3603,0x1649996d9c3dc594bf7eac721375ada21712916e0e84680b5b92e0c0e83a564f,236,0.4,Chainge,188,0.4,SHOCO,308
569,0x8d051c9a5d94f79ff762323fa8c9985e2b16d80a69891398be9cc18c0d740e1d,32,0.4,LW,24,0.4,Uerii,243
3181,0xf0dd2ce8b91cb11609ec4f9dfb25b85e4c850fde5ca26dc8983172c3272ccb09,208,0.4,BabySwap,143,0.368421052631579,Uranium,1285
357,0x8e56a3f357df1cd470225cbc3a436dc755a50edcffcb12da6fffa8e4c94e5a3e,23,0.4,BXH,315,0.3809523809523809,pSeudoEth,633
8121,0x4461ffd727501da44e72075d80a5a0dd3232995db9c7ae06761d82a4a5c07364,521,0.4,EEE,501,0.3611111111111111,ZoomproFinance,264
2048,0xfdc071ebf9a123ea4f5bd9630e2ade408676ab5071da24a81186d9ceb8bdd69d,116,0.3913043478260869,TGC,436,0.3888888888888888,LQDX,338
4331,0x1eccb3600f1136f84b9fd71513f229ac40b6fbb74b14a15d39d8775b73469236,306,0.3913043478260869,PeapodsFinance,116,0.3913043478260869,TGC,183
6492,0xf6adc0622f0a2b34f35d3da24c8a4eede0f5a23e1efc62e08ca1da2eb85961d4,436,0.3913043478260869,LQDX,313,0.3913043478260869,BEVO,152
4463,0xc56b6184deedca724ee41f8eab769cbd43234ad13d43997aac6425b54cdf0b4a,313,0.3888888888888888,BEVO,310,0.3888888888888888,HCT,1658
418,0x8d3c20f7117f4f04d3339dde1a0cef8430d54d5a3959bf01ce12ffed8151c222,24,0.3888888888888888,Uerii,323,0.3478260869565217,TIFI,541
4931,0x9049a87831fe5c12302833d8772ba1f8a80cab98dec95edc793afc4710755865,344,0.3888888888888888,SCROLL,515,0.3333333333333333,BNBX,549
7942,0x8d0800d9c722624785bda9b11f04a1f8e0bb43f3aca1e5b734309388f3ff7490,515,0.3888888888888888,BNBX,471,0.3333333333333333,LocalTrader,250
3680,0xd625b10c9e01c2dacc5432d9d816ecc033b3b23096536df881e40fd6e57960a9,244,0.3888888888888888,Wdoge,216,0.3888888888888888,Bitpaidio,863
7812,0xeda279ec7381c210777a41f33fb5fc6a8a54b991cdf50d21034b5b9a28a82ed1,501,0.3888888888888888,ZoomproFinance,328,0.3571428571428571,EHX,166
3263,0x03dde5a09e5f3ed92011a4b6d54350a69220a0eb9600714446f30848b9a2ce80,216,0.3888888888888888,Bitpaidio,515,0.3333333333333333,BNBX,395
6491,0x6b255217c4aac389bc17b308fcfa4e10e24e1c3c8fdd0af18c8bf776cb6e3a7a,436,0.3888888888888888,LQDX,494,0.3333333333333333,WSM,890
35,0x350df6698cfd67cb3fe45f9f1289301f81499fe7a985e38a7329ff929410ec9e,2,0.3846153846153846,GPU,436,0.35,LQDX,383
270,0x5f322f87c53f324038f562d4e8ec2501325fa50d3ed6a3e8d2f14cdc18fb89c5,17,0.3846153846153846,MixedSwapRouter,519,0.3076923076923077,TSURU,229
5888,0xc34b68c0bc5264f3a7d6996c3c5ef6b231670deeffb78bc0e4e73cfad0ff0197,407,0.3846153846153846,DN404,260,0.3846153846153846,Paraswap,683
3262,0x06734e2ebc8ac1ce2d92d6198537119457fa1f9122b2c750f7775d30b806568e,216,0.3846153846153846,Bitpaidio,157,0.3571428571428571,TheNFTV2,997
2980,0x19e7446e299ae5723f463a239c461ded695b523211f39f44042363790d89d90a,188,0.3846153846153846,SHOCO,143,0.3846153846153846,Uranium,178
6556,0x8a9f7147fe577ae33b901d87ccccf3994417ffd95c0a37563b5bb814ea885a59,439,0.3846153846153846,TransitFinance,216,0.3076923076923077,Bitpaidio,6199
2376,0x632f7e0b7cc563b43a56d9341d7c69a100ecbbb1b6b0933dfc616c4946ab6374,130,0.3846153846153846,Binemon,466,0.3478260869565217,Juice,188
6489,0x6ef4eb96897b08a33387503ae85a46e988f349c89532b32d4e19de576ed1e988,436,0.3846153846153846,LQDX,236,0.3333333333333333,Chainge,4559
896,0x7683c8d880b2f718b23c3e8715867b42c0512409094e52f66b8a08c7ebd639c0,56,0.3846153846153846,XST,38,0.3809523809523809,DFS,223
3772,0x72ebfa1ebc242dac88000b556571e1b42f13869bf79ef1cda5fe3e8bace41a92,248,0.3846153846153846,FAPEN,399,0.3529411764705882,Bankroll,725
2464,0x47527e355298983e4e24df2c154d04a8a22581653f78028a14cebe1dee70b025,143,0.3846153846153846,Uranium,75,0.3846153846153846,Miner,272
1235,0xe9257b4c8189ee9eac722eb3ebbedd8a973c6a682b498ee284a21d927ea2d822,75,0.3846153846153846,Miner,59,0.3333333333333333,ATK,276
1153,0xf18891ceda1ef508ca13395f935b8d4c4d7ed59e07d18ab031cda8c7fd139d22,60,0.3823529411764705,LiFi,313,0.3793103448275862,BEVO,209
7941,0x3df7029e0181fe20fd6a9d905fb667d0fc84e5fe66bb892a8c1378608b40aaa0,515,0.3809523809523809,BNBX,32,0.3809523809523809,LW,293
162,0x70d2086a43222ffae656c87b10936e1300fd8c34c116d31dc8487161769becc0,5,0.3809523809523809,SpaceGodzilla,128,0.36,TrustPad,3841
663,0x4b8cacb8f50335f44f2f5a7078ac22608012c72f060a2b5796c34d0120ef7e1a,38,0.3809523809523809,DFS,157,0.375,TheNFTV2,567
7039,0x2638a2e79e4c2e5bf2c922a783c0476b30763ac4b3ea4ba9757106d9d3b511aa,466,0.3809523809523809,Juice,436,0.3809523809523809,LQDX,624
6488,0xc6565bdc477bb3bfec0db3ed70bcba862624cebaa096b5cc75dcb5996c0dde57,436,0.3809523809523809,LQDX,466,0.3333333333333333,Juice,764
6918,0xb47ce93c531ffd96270a14edc8bcccde872972e7d7ee359c886bfd1b53465900,455,0.375,APEMAGA,466,0.368421052631579,Juice,2058
6337,0xe84a7350a625703d00050462fc96e734a65f9f31acd9d2f8c779005db17ec80c,432,0.375,PANDORA,298,0.375,Swapos,780
2979,0xca29ac7fc215161ce98225fc823661205556575d36d4e7a6b698b9e65a9fd5f2,188,0.375,SHOCO,75,0.375,Miner,71601
4018,0xb8c15c02e44b073bcb13213e6f1257058ab8d79e824a7f2e634f21ef601f329f,279,0.375,MEV,342,0.3333333333333333,Discover,1449
2463,0x5388258b14ba43a26c18a4c55fcd82d6778a3b2da0e65eb6b52bdad6a6d49127,143,0.375,Uranium,466,0.368421052631579,Juice,454
7975,0xf032e48c8de4a3fd0d6f756615d302202c0c7a3eb331625688d7f335ba593a97,519,0.375,TSURU,395,0.375,LPC,7647
4257,0x382e87d84e0847e92b403e37332467d6a35e52dc50d1d5034b61ea13cfc0d36c,298,0.375,Swapos,188,0.375,SHOCO,9130
4736,0x374370f228fa7daf59082258308abf6f7dd1fba97205a0bd637ef3cbd9e9fd28,329,0.375,HoppyFrogERC,2,0.3461538461538461,GPU,151
2412,0xf02f3bb289162b6699894dcf95bf19ee38df268d663e141ff2a9404237632639,136,0.375,RabbyWallet,428,0.368421052631579,Sushi,228
6486,0xa91a19242a32000c7047b12f9f545fd0e8a8ccb28836bf18091069103a87300c,436,0.375,LQDX,112,0.3666666666666667,JulSwap,1209
1234,0x687d2e8cd5839cdc214c024958a819b2e673a3c373cba50fcd052725050d589e,75,0.375,Miner,344,0.3636363636363636,SCROLL,33354
4929,0x83cf9c78b20c19950e9d751c0e7ec626495ad8b27ad5071cd844ef866f6c6d94,344,0.375,SCROLL,515,0.3125,BNBX,185
7940,0x3164e5b5c9c031346b3d029e206d5cceb81992a44ed52558fdaa6f9c0977ec6c,515,0.375,BNBX,425,0.375,FDP,1037
8099,0x9c82193e89f6af9d570157a778faca8bfec6ed437f62d2d867050d5d4788f0d9,521,0.3714285714285714,EEE,97,0.3658536585365853,APIG,194
3057,0xeee840babe11ac2378434ca35e7f9485a2b6a36b1fcf1d050b4222ce1d9beb20,200,0.3703703703703703,FiberRouter,428,0.3333333333333333,Sushi,170
7593,0xb915a037b12d365f33c5f7aeadffa523e440aa9f8744b16e43c3576ebe0a7e9c,494,0.3703703703703703,WSM,398,0.3529411764705882,IT,270
3597,0x44069de587b73237580696f03794bc11f1d9f23ec13dc2704b4557faf86a17cb,235,0.3703703703703703,OTSeaStaking,455,0.3333333333333333,APEMAGA,361
6917,0x198f6c7adbe83471cb88ec82856e6f34c8ce77c86cd7525f05e8adbf6303ba4c,455,0.368421052631579,APEMAGA,316,0.3333333333333333,Upswing,377
3316,0xfff05a39eb426371fbdabaad106f14bc2fbd6deacc605ca1addc423329bc0ef5,217,0.368421052631579,BDEX,409,0.3448275862068966,BBT,307
7938,0x210d405d378faeb6ff056606135b40d6375d0d4637c22405fbf5507009a5609a,515,0.368421052631579,BNBX,344,0.368421052631579,SCROLL,177
7036,0xa9c7cff8f6227ae35c289ff0c1c50814b67e3b0b27439f93cd3780aac91a4a4e,466,0.368421052631579,Juice,235,0.3333333333333333,OTSeaStaking,18739
6484,0x3c11d618510897f6523d8ff46f456e7685a05cab760cb47619374e88945e32db,436,0.368421052631579,LQDX,32,0.368421052631579,LW,246
3260,0xe72fedebbbbd414a7257f60999a590991bc01db2e237c85ecb31c2f355555a07,216,0.368421052631579,Bitpaidio,515,0.3157894736842105,BNBX,419
3844,0x51f6332ff27d9c156d629c387a35a4f593d9d01996f6e69e60483eaa4a29c52a,259,0.368421052631579,Z123,315,0.3333333333333333,pSeudoEth,409
4928,0xfcd88b272d725c2fca19706f797340cf45ce1105d2214a16b77404a7ce1e6ca1,344,0.368421052631579,SCROLL,143,0.368421052631579,Uranium,229
2675,0x318d96bab487740da0ae6eadc834ed85f32465e6576f3689d5bba3876807c39f,157,0.368421052631579,TheNFTV2,436,0.3157894736842105,LQDX,414
6554,0x1f754b93ea3f526bbaebef13e22c208578fef9617cb3e76d4edf0da3b2e90d2d,439,0.368421052631579,TransitFinance,436,0.368421052631579,LQDX,707
1358,0xa88076e41535ac5774c9c5e48b217d5946ed898b0c56872543ab5eae53d7d3c7,89,0.3666666666666667,ZS,212,0.34375,CCV,160
2024,0x52dfa5498113cf0ee5cece63999faaf6954801134e72ead3e4d7b0de80556c8e,112,0.3666666666666667,JulSwap,466,0.3636363636363636,Juice,2111
7974,0x00a40177711939ad1a40636aa92059b6ca45d79ecd881f5c9197489d8d259f71,519,0.3636363636363636,TSURU,290,0.3636363636363636,PHIL,3765
6483,0x5284f332b4edfa1a0a37aa9e3466076670494db054f6a2951888cbde22a80579,436,0.3636363636363636,LQDX,515,0.3181818181818182,BNBX,277
7936,0x401639d60e78b6da2738f6db36e85d3743ace31e18e04bb29b20da65442421ff,515,0.3636363636363636,BNBX,313,0.3636363636363636,BEVO,159
246,0xa747556648c78e9e3b3ab6e2bee016985763673c48059cbab4fde4ad2d9f8ee0,11,0.3636363636363636,MUMUG,474,0.35,Dexible,2373
4455,0x208ea39c1bd6205a6753cd3726952c2b34496879ff59cb4aaa28d0bc56a279d8,313,0.3636363636363636,BEVO,244,0.3636363636363636,Wdoge,496
2410,0xf7e7280ee0b87a36bb4a08fa0bf8aa9b3a8df6072fcef4d72571857589b1548f,136,0.3636363636363636,RabbyWallet,519,0.3333333333333333,TSURU,1220
4256,0x3f6c27ccf73be28b2b4997102fe8d21da717d9ede1df6903581228b7713e84e4,298,0.3636363636363636,Swapos,236,0.3636363636363636,Chainge,315
2461,0x6c0ecf744a9787c69ef838ba4649ebbf8266078e97c4c2e1b86602c30bb9138c,143,0.3636363636363636,Uranium,333,0.35,WIFCOIN,370
2978,0x4b8e8fe23372ef6dec7c39720dbaf687d0872abb3a93af323591561109087273,188,0.3636363636363636,SHOCO,333,0.35,WIFCOIN,8853
3771,0x470b5a18838b742d67611fd1cebe5bb6760e91392498ff1056b0ee4631fa0c04,248,0.3636363636363636,FAPEN,32,0.3571428571428571,LW,827
6336,0x2db1b1299428a5a5c5349cebc6ba9e96684b80604b5c8e9a9ac7d403acdab8eb,432,0.3636363636363636,PANDORA,431,0.3636363636363636,ARK,6968
4894,0xd78f17c693212baacfdb894e049ff4e33d01219829f2e4b9313f61a432e25e45,342,0.3636363636363636,Discover,270,0.3636363636363636,STRAC,265
1232,0x7452fb4754f939cd02fe1e60531d310453d3b2f9046ea69e776a9b003ad46a96,75,0.3636363636363636,Miner,475,0.3125,SBT,229
5885,0xf3f3152e9d6781063c2a27ff108f2df4017995a4c1505b7d77971b413a441b6c,407,0.3636363636363636,DN404,298,0.3636363636363636,Swapos,528
5684,0xe5baa50268369d8004567486e2948c2a73c6feae9fcbcb96088124b8e9e12fbf,395,0.3636363636363636,LPC,342,0.3636363636363636,Discover,377
4927,0x2c91278c05bf5c2187a765d33e1090cbfcfcab44f4786a031720812fd3269945,344,0.3636363636363636,SCROLL,515,0.2666666666666667,BNBX,58170
7801,0xd4ad6efc183d5c51cba8d64b6a45f83dd5a3773df1346fd9d8116d18b62d52c4,501,0.3611111111111111,ZoomproFinance,273,0.35,Leetswap,201
558,0xa3275d65a477f42d95988637f814967279a84df057baaef0ac95c6464240ec1d,32,0.3571428571428571,LW,515,0.3333333333333333,BNBX,3374
2672,0x4af196345ed45283905783d56cb6482a446fbad04b20368059b77de3fccbf3ec,157,0.3571428571428571,TheNFTV2,417,0.3529411764705882,DKP,229
4893,0x024da10cb9e9bd6a0b39a3afa3ac25def0cc6168a522372741586e095d216c19,342,0.3571428571428571,Discover,143,0.3571428571428571,Uranium,176
4926,0xe886273ddaeea9b78cc7931c03a1d9baf6f5fea625a81e5261daee3910f2025a,344,0.3571428571428571,SCROLL,143,0.3571428571428571,Uranium,2714
3866,0x3ef395b2f618ceb552fe34a2acaf40fed23b6e31fc175c4638fbba5effe8146b,260,0.3571428571428571,Paraswap,75,0.3571428571428571,Miner,195
1278,0xc0732a93a7ac5d82ba92b5910e7424af0cfb451a3b41ec08532a1095db1f1912,78,0.3571428571428571,Yyds,313,0.3333333333333333,BEVO,708
6481,0xce3aa6778ff3a1416a8aa725dd1f4f0bcace0840dcb3bec55992c5cdec775863,436,0.3571428571428571,LQDX,515,0.3333333333333333,BNBX,505
5959,0x63f4bc6e432a9955ba87c150816c0c12cfa50bc23a81ddf91fbcba4bc8d0963c,414,0.3571428571428571,LFI,40,0.3333333333333333,GHT,234
1231,0x3ab2fd1dab944e01df63199a240fc7cf18e710b77b2466d05fdaa1e9f4398183,75,0.3571428571428571,Miner,217,0.3157894736842105,BDEX,597
2460,0x48dc24cc034a835da1a206daf5b74b974f43d07aa961cbb49fa61bccca6d8ad5,143,0.3571428571428571,Uranium,74,0.3571428571428571,RedKeysCoin,217
3770,0xa38b26983bb53890f8f4ad000efbf5b8f2e192e80597b980612be0d5b7af6669,248,0.3571428571428571,FAPEN,119,0.3571428571428571,Carrot,370
3258,0x3dc334b3831e549eb3f0d0fc52e5eae820ee72c2cffb84acb66b8dd8f4fa9be2,216,0.3571428571428571,Bitpaidio,75,0.3571428571428571,Miner,401
407,0x2c07a0585eb6106cfff95dcac099db207f3bd6d7434b7ddf621876be229abc31,24,0.3529411764705882,Uerii,475,0.3125,SBT,7874
5981,0x68b995df059d1ba902d374eaa2765b5e9481c0c22ab913a9354e08874a224418,417,0.3529411764705882,DKP,436,0.3333333333333333,LQDX,154
1130,0x23b243f0a5bed0859bae711967d9a206762edb0055559c86c2fe1b2a79c82633,60,0.3529411764705882,LiFi,316,0.3333333333333333,Upswing,201
2459,0x885704ff65b27a9665f3db3034a695f33ed374e5fb4d289a921cba307c798df6,143,0.3529411764705882,Uranium,315,0.3333333333333333,pSeudoEth,1029
6479,0xc0ce11f322930c97c85ec1695671b8aede168859415a5727c684e56ec44e39f1,436,0.3529411764705882,LQDX,136,0.3529411764705882,RabbyWallet,546
7932,0x8a19e8e34266589765cf3e2ab89082256271d9c1d635705ff0b8baa85dd11d0d,515,0.3529411764705882,BNBX,235,0.3333333333333333,OTSeaStaking,434
5752,0xd7f18b254d3f84ea0f22689433ba956e711fae1afe4932c623e60c2833e60c90,398,0.3529411764705882,IT,259,0.3529411764705882,Z123,242
5779,0x62c75966271a1b7dee8a60bfbdacca83e17fb356a8b79f45e87bf1044fa2eb4f,399,0.3529411764705882,Bankroll,217,0.3157894736842105,BDEX,177
3841,0xfe9aed56ab0c5c74d6f8ca798244b0dcb6a84ecbe5f5153523c28167d8162342,259,0.3529411764705882,Z123,310,0.3333333333333333,HCT,20793
5857,0xd5aa4b18e16b8b465fc60b091d4cd30e16939e359814d1d4bb374058b2ddeb1b,404,0.3529411764705882,ElasticSwap,398,0.3478260869565217,IT,210
4787,0xc6b8795d754ede76b9f449e1f5a9e67fec0c94f49aedb26a0688ca97b765f332,333,0.35,WIFCOIN,23,0.35,BXH,3338
7931,0x9d7d1dcacf652fe519ab7c6333c3f2dfbd0a985c3252c62b5154e4773f4dc8a5,515,0.35,BNBX,157,0.35,TheNFTV2,413
6478,0x7ae6a92c741a0ab2b5b27adbcbf0751d169751ce176f70785d34ca88e084553c,436,0.35,LQDX,200,0.35,FiberRouter,246
3311,0xcee3cfd93fc38f278c46cc9640827957b28c32304314fc31fffce253239e4630,217,0.35,BDEX,422,0.3125,HEALTH,4932
4314,0x71eef466b5e14f65f9370e027048d28176beb57af4d7ea7fe2b3f7fb558e1f4c,306,0.3478260869565217,PeapodsFinance,96,0.3478260869565217,BarleyFinance,247
6477,0x4f50f544fabaaa2ddd7033197b33015c79ae65d824a12250d6890aceb3b76992,436,0.3478260869565217,LQDX,217,0.3478260869565217,BDEX,180
5682,0x04ca95789e6a50f131dfb842513ef4ae3753453dbc517172d61fbdf87d1ae9a2,395,0.3333333333333333,LPC,75,0.3333333333333333,Miner,175
6474,0x367857e0eb73e2a6e0bca842a09583945f8a22350d856c82a5e93ff4b9be9a12,436,0.3333333333333333,LQDX,363,0.2894736842105263,TGBS,1141
2669,0x89b6f5ae44ce0bf88ed21c9559464a235c80ef7679803aee959002d471ceb697,157,0.3333333333333333,TheNFTV2,32,0.3333333333333333,LW,567
695,0x52e7ab6f29ef09ac6ebe9c498686f4edf1300e952661e39cd912db4c6b58cc55,40,0.3333333333333333,GHT,157,0.2857142857142857,TheNFTV2,1790
6909,0x3fc52bffa25de099ac9c7383bcbab0ae3d3186eac41d3f076b044cc911963990,455,0.3333333333333333,APEMAGA,316,0.3333333333333333,Upswing,12802
7112,0x6df16c5c593b5143c6c542b7b6810f85a9d3e82830371e3e076e9bab1b9d9658,471,0.3333333333333333,LocalTrader,248,0.3333333333333333,FAPEN,816
527,0x96bc356e7226ba892f0c1459b7a13268c5b066a865a33d39375a246d7cbf145f,30,0.3333333333333333,NovaXM2E,5,0.3333333333333333,SpaceGodzilla,2122
3197,0x1cec0382eb2e008546760852c343d81a691ce2d0142fbf2664e292992c4c5d78,209,0.3333333333333333,MintoFinance,75,0.3333333333333333,Miner,780
7787,0xe543307b68d38f1fd29d894f52ae7d936235900b2378358c3826e0129cbb50cf,501,0.3333333333333333,ZoomproFinance,2,0.2692307692307693,GPU,1194
4890,0xc5c50951779f574274da01cb831897deaafa28406221d3a33424bbe9fb9c0c08,342,0.3333333333333333,Discover,327,0.3333333333333333,Quixotic,179
4923,0xd04eef372dd8bc6ebfaa1e8d074c082c3c00318efa23834ec4b174060c1b9c97,344,0.3333333333333333,SCROLL,188,0.3333333333333333,SHOCO,1712
6335,0xfe1d25b3042b29d164aacc299e3203c59b0894c00795e88e4311bc5f006ceb71,432,0.3333333333333333,PANDORA,298,0.3333333333333333,Swapos,16017
4493,0x61113862ae7efced248c425bb2c715cee0fc54544d2c0be9dc857bb1ea669a9b,315,0.3333333333333333,pSeudoEth,259,0.3333333333333333,Z123,871
3596,0x30a12eecf1824947eada3b81e5e42b11de21b719b0bb0dd140c6eced3a83dac0,235,0.3333333333333333,OTSeaStaking,5,0.3333333333333333,SpaceGodzilla,13791
7973,0x79cdf7367c607797c6b347ab4f6d3e5947889bc44cd0d273ecaa68edb5b57be1,519,0.3333333333333333,TSURU,293,0.3333333333333333,Qixi,24519
4255,0xe7ac9369bae443be4f0ac2874a468ef00f756ea4d0b8ebea5d7e3ea0d013f578,298,0.3333333333333333,Swapos,441,0.3125,MyAi,7199
1228,0x9dc4ec6ef586ae0a6821cf84930f929b868b542cb098f9e119a71ca571bd23ab,75,0.3333333333333333,Miner,128,0.28,TrustPad,1354
2976,0x591a30bac94ce6450cbfc2ea7c3c8c2d48aa5d6305498d0b0b7c6d5e0063e1bd,188,0.3333333333333333,SHOCO,75,0.3333333333333333,Miner,17529
7579,0x0fc95a818ae6f5541ad5ddcc23cfddf63cef45e4178a1cc24af22d2dc2feab5e,494,0.3333333333333333,WSM,445,0.3333333333333333,BEARNDAO,166
3306,0xcc05c6670cfe11ee7287eb3852f776232744a3d260c9a2ab3387a92ef48d7b0e,217,0.3333333333333333,BDEX,466,0.2857142857142857,Juice,598
140,0x1acb0f5392dd1e1f3e726c60cf9587376b4c80c76f027bccea28b796e1202b31,5,0.3333333333333333,SpaceGodzilla,466,0.3157894736842105,Juice,5669
4448,0x4f0eeab34cb567ab6b986762cd497eee6ee68b53157f2ee476421282cbb47bc2,313,0.3333333333333333,BEVO,217,0.3333333333333333,BDEX,280
657,0x58b1bf7be2a23bfc11c60cf228f9b65517399cdd0b4e12fbeb99b2557710d1e9,38,0.3333333333333333,DFS,136,0.3157894736842105,RabbyWallet,19734
2458,0x7806b647a530322ea46982f74e55442a717ef91ab9bfa0bdb1824452752c9de6,143,0.3333333333333333,Uranium,75,0.3333333333333333,Miner,487
7928,0xf6c89dc54f392ad927017de834afc37fe6f650ba585b99a7c4e9ad5af35886a1,515,0.3333333333333333,BNBX,455,0.3125,APEMAGA,6246
5854,0xb1c3be879f4648f67675fc818a973e316ff888be37cec9f82648f61b0dd0fff0,404,0.3235294117647058,ElasticSwap,200,0.3214285714285714,FiberRouter,320
1098,0x39affe9f166fd42cbf32c2354ea4e9325f5da0fd78c7f00deb98894e0ebe0a97,60,0.3235294117647058,LiFi,511,0.2424242424242424,TCH,208
2332,0xcb4fe652e3a0eaa53ac17f1056a4fe99c0a13e6e784fe99829eacae8d9eb54ca,127,0.3235294117647058,NewFreeDAO,273,0.3181818181818182,Leetswap,1038
6728,0xab99d2618f34b631fe637547098ca5913e6a8093ed6f66b99eefcf000cf4808a,441,0.3214285714285714,MyAi,315,0.2857142857142857,pSeudoEth,441
7329,0xcba067bcabefe676d51bdcaf436362c89c615bae925be05cdb5f3350513a0a85,478,0.3214285714285714,Zeed,38,0.3214285714285714,DFS,236
3114,0x4f4fa58522f0861e75b817ae8ef129404122a242ffd98deef6c47a808ed874da,204,0.3199999999999999,DeezNutz404,355,0.2857142857142857,BRA,166
7924,0x792a03218d7dcd33adbff1e5d1a135c21903e64fade844d285398e070db224d7,515,0.3181818181818182,BNBX,436,0.3181818181818182,LQDX,169
6470,0x6a1b7cc13bb6800edd5ebe267fa3f51a5f31121285cb401418283b1fd5d66d69,436,0.3181818181818182,LQDX,363,0.2894736842105263,TGBS,170
3113,0xe32c0cfcd63b424bf0cc75cb030103a305863dc051ebbbe175a31477848e3d4b,204,0.3181818181818182,DeezNutz404,501,0.2777777777777778,ZoomproFinance,388
1605,0x46447baff9a02a4fffb864cddbaafad20b98a94f6d1c8c0d37ee1c53260f7879,97,0.3170731707317072,APIG,60,0.2941176470588235,LiFi,227
7923,0xcc675bf03a7eb36b8ab5081388c40ee1d40e62533efce4fc3ddb79bc4ab36bd2,515,0.3157894736842105,BNBX,32,0.3157894736842105,LW,151
3300,0x34957187119b9a5f65c18318b2be664ac193b344f76ce86eaf8540553f2e122c,217,0.3157894736842105,BDEX,344,0.3125,SCROLL,227
7021,0x587c2369e51c76f32d51c963cb3dc90a390b8928fc8635a77563389b01663397,466,0.3157894736842105,Juice,5,0.2857142857142857,SpaceGodzilla,1087
6905,0x07d3e9a51a04f2d602b35108608b8dee5d3dba13ded4422cf087f21b08e4f050,455,0.3157894736842105,APEMAGA,259,0.3157894736842105,Z123,199
6469,0x0053c661ff2cd9587ffcb83d30b2a064d225f3823650ee1db93418c64f49fc90,436,0.3157894736842105,LQDX,259,0.3157894736842105,Z123,167
3451,0x02a40a1a514bd8310d5e98150dc740b1b125c12ab78f7c5dffe87b4f26d920cc,220,0.3157894736842105,VOW,371,0.3055555555555556,Balancer,182
3112,0xd34d26f428ad7a8941189ea39647dad7386259c9ccd2813009e67d266852d32c,204,0.3157894736842105,DeezNutz404,216,0.3125,Bitpaidio,155
6945,0x8721ab9306d9bef6aab7bf5ba5f8884e39b186b515d613041f1e2254ac6c1216,457,0.3157894736842105,MaestroRouter2,455,0.3157894736842105,APEMAGA,16617
6725,0xcf01c308944d2ecb84dcce6d6c286e79a827ae0396df6b46240ea28cc6679cd9,441,0.3125,MyAi,457,0.3076923076923077,MaestroRouter2,1741
7922,0xe0e8f1a52be27fe6168c171a5ad1eee32359c45a0d4085a0afb6075534981516,515,0.3125,BNBX,164,0.3043478260869565,JokInTheBox,425
7153,0x03736a23f87cb34338872dfc4d42d89964c59c89d60b74f3949c0eee2306651c,475,0.3125,SBT,417,0.2941176470588235,DKP,188
6904,0x7763a6e20cf8d552bac55236a72bb7c0c57fd600bc69d43db3331b79ab12cb49,455,0.3125,APEMAGA,287,0.24,MEVa47b,465
132,0xb4c5c849119e66603d63458e04dda790270cd89c8002972b30aedda325471925,5,0.3125,SpaceGodzilla,501,0.2777777777777778,ZoomproFinance,168
1323,0x700e38d3bc8c1504f23aa33b57bc1e48e19473c2a24edd8a75c5959aeb81ae4b,87,0.3111111111111111,EHIVE,291,0.3076923076923077,SHIDO,158
2891,0x51b9f0f5252d419bead7947ce7dcca7e5fd6659b078ef2d8e37ac4fb7a097c6a,178,0.3111111111111111,AIS,91,0.2888888888888888,bot,176
4254,0xe65efeb10aca7bed06106878381cd7af1a592a16010eadddf0f74e19dab37663,298,0.3076923076923077,Swapos,471,0.2666666666666667,LocalTrader,159
3251,0xcfe1cc9600c9db99e42cea57e0961ba142f160f623352e6f46fa0851f0c13ccf,216,0.3076923076923077,Bitpaidio,414,0.2857142857142857,LFI,38963
6466,0x8740bb99939f912543e49ba982b285c2f4790c8b8ef5cb6992b7f6741ea05913,436,0.3076923076923077,LQDX,216,0.3076923076923077,Bitpaidio,470
2453,0x1c0235039370edaa731b1237e6c9de375b086c0240c078300dd02d00c4472388,143,0.3076923076923077,Uranium,423,0.2777777777777778,Uwerx,3610
6547,0x7e22c0f5c594d4acb673e012b686fba0c12069fe72ee4635c6f51c35b60ce0a6,439,0.3076923076923077,TransitFinance,216,0.3076923076923077,Bitpaidio,1443
7972,0xd4e067475f8a96f718e6289a5bc196ed5e92df555674c8503b1e48ff795dbb5d,519,0.3076923076923077,TSURU,290,0.3076923076923077,PHIL,785
4920,0x51541fe3a3ab3b258d7d2ad39c5611df079d6c13bb26eb233a6ada6b1126c709,344,0.3076923076923077,SCROLL,271,0.2352941176470588,PineProtocol,182
6333,0x82b5e5a22656c311d14c827a86bb3a5030e207291b7e452bd077c44e435a45d0,432,0.3076923076923077,PANDORA,248,0.3076923076923077,FAPEN,304
7631,0x37894ec8932308767c8967193571e5c5a8e7a667360ecfacadbc1455bcd16f7c,499,0.3076923076923077,Melo,457,0.3076923076923077,MaestroRouter2,3052
15,0xd6034563541ea10d363fa2e63f115ee74ba014664931e8b064606a0cafcfce1f,2,0.3076923076923077,GPU,254,0.2916666666666666,Axioma,1411
7773,0x4e5d75ed686de1f3ff65bfd767f0498c59b2ee4c05f082ee2f34bbdfdfef9306,501,0.3055555555555556,ZoomproFinance,329,0.28125,HoppyFrogERC,1466
4299,0x221e0adb6c71d3b31890a7fa6c62b4b93e05fb510a99518f00add73cee2a0fba,306,0.3043478260869565,PeapodsFinance,96,0.3043478260869565,BarleyFinance,252
4361,0xdc2dabfba57b75c96ff419025772b66d07cfe04482fa70bca5b87d48e6289d64,307,0.3043478260869565,Levyathan,455,0.2608695652173913,APEMAGA,801
6332,0xeb7ac1afa4d59bb5ed4e3fb0cffda056c7644fc246eceacec2333776d734698f,432,0.3,PANDORA,298,0.3,Swapos,439
4253,0x93d6eb9dc3f2b4cf22718e09329cd118b434d05e13344516f5595d1827e16dd4,298,0.3,Swapos,188,0.3,SHOCO,1074
6901,0xf610dbdb6d42a2019ee9b639eb0bf59b748067aad9a6f606f639815c7e3f0535,455,0.3,APEMAGA,316,0.2857142857142857,Upswing,262
4773,0x99cd011185028008ebca219311551e86226605015b304566c09878b6c6abbcc3,333,0.3,WIFCOIN,204,0.2631578947368421,DeezNutz404,10462
2665,0x765cb334682ef965e1dd6312590382dbda6c989522ea8f7e3d6f2af79cecf861,157,0.3,TheNFTV2,501,0.2777777777777778,ZoomproFinance,157
2972,0xd9896fbdb323f449cbf3ea28f63ee6350d227a6588594400795c1d76c31795b3,188,0.3,SHOCO,75,0.3,Miner,1435
7971,0xcca128132e9913746cdd10d2278b3fe6fcfb746672fc3a04a18f0feba20f6bbe,519,0.3,TSURU,293,0.3,Qixi,630
3766,0xa4ada0c9131cfe34c994ecd0d0befb226104e66ebd97b390ad3b16854c3cbf71,248,0.3,FAPEN,344,0.2727272727272727,SCROLL,291
6724,0x2f0f6cea00da0600bd22b5c7cd1227a068188723275af7cb691ce8c504565719,441,0.3,MyAi,528,0.2666666666666667,ANCH,356
3832,0xe6d3b67576bb3a44248a1c84eb4741ec8a8950130c39fcda0ce297c6ea35d083,259,0.2941176470588235,Z123,248,0.2857142857142857,FAPEN,284
5734,0x85a655a286e6b92bc3da01338e6b54420ac741fe12d76d3e5e170074bb26d51b,398,0.2941176470588235,IT,24,0.2941176470588235,Uerii,233
1224,0x57c24e036471942fe472e44351448b50684e0fd02a15573b4ff75fd241357f92,75,0.2941176470588235,Miner,32,0.2941176470588235,LW,180
390,0x1b7277911388d2bfa2f4b148afe5718e791e6fefd8da9bb471375d0718cf4ce3,24,0.2941176470588235,Uerii,519,0.2666666666666667,TSURU,2476
2324,0x05f037aa0665694f7dbb56364b53e5a91aafca029672213e52f9deac6b456985,127,0.2941176470588235,NewFreeDAO,455,0.28,APEMAGA,228
1579,0x65792b720b5a1a9d3c51a02c0e7f2fadd1c2a75d098b5a3d9b795519ad31d109,97,0.2926829268292683,APIG,530,0.2894736842105263,RadiantBsc,154
3445,0x8c649ad7cbf50378c9df08fca390933bb0c5ceba7138b813070e4f065a310497,220,0.2894736842105263,VOW,515,0.2777777777777778,BNBX,168
2139,0x837a00049bef135ebf6c90507b2cf9b0f4477008c1e50ccea841e98333d94cef,117,0.2857142857142857,Shell,494,0.2777777777777778,WSM,185
6897,0xf602c8a9e88cd5cd08208e00441d65ea342b2446abee98d1a254a8614c3942ca,455,0.2857142857142857,APEMAGA,316,0.2857142857142857,Upswing,688
121,0x7053ccf1a3bff495c8844c8b436cba5e6c1968e2a06334726a6e522f040f8950,5,0.2857142857142857,SpaceGodzilla,423,0.2777777777777778,Uwerx,219
652,0x1c15ede61078d0a1303d0381e626ccf8c20d2a6d1210fd0c03dc339120a0139e,38,0.2857142857142857,DFS,478,0.28,Zeed,207
5061,0xb7d0dd899498f2750b38468ca1eb336a6c9bb378a2c97732dbad56275f3860a3,355,0.2857142857142857,BRA,204,0.2758620689655172,DeezNutz404,827
2662,0xb8cf65277a88355ac2aa0171aa387d027402885933c82cef671ca031d02d6761,157,0.2857142857142857,TheNFTV2,471,0.2666666666666667,LocalTrader,628
4252,0xf457688e3c59aacf70d1b559e18bcd71a799ea726f5f9923b3422736588cd862,298,0.2857142857142857,Swapos,143,0.2857142857142857,Uranium,8804
542,0x25e95ca8920fbdc8d36d4e166259a0920d04eec7f10362606227336ecb6c0b96,32,0.2857142857142857,LW,519,0.2727272727272727,TSURU,566
3022,0xb91ef15d5d743e73b34b1c39d552d80b0193082c588b04d72ac7383cd70553dc,200,0.2790697674418605,FiberRouter,27,0.2790697674418605,BNB48MEVBot,265
7764,0x362d5171de6f6c6a6a6aa3e7f9d84076a6c18a2c584f3959f2d6cbb0660443b4,501,0.2777777777777778,ZoomproFinance,515,0.2608695652173913,BNBX,342
7911,0xd61162bc975949e26d5daa1c3a7a551e537ed222e683e29ebb85ab3cf0fd3a6b,515,0.2777777777777778,BNBX,344,0.2777777777777778,SCROLL,153
2968,0x11314b829d572291ad15645a1299a15d3e26d5cdfb0cd3b510ec69ca6ac78402,188,0.2727272727272727,SHOCO,75,0.2727272727272727,Miner,321
7969,0x29da38a6fa89cb06b683f39d37329d323dfd30353f8feb24d06b445d870d322a,519,0.2727272727272727,TSURU,395,0.2727272727272727,LPC,265
6541,0xaaad5dcd22b9ce27e8f9ea13f5f96eb1840a79bf0fa49f616163f8b9744cca71,439,0.2727272727272727,TransitFinance,436,0.2727272727272727,LQDX,182
4915,0x13a79579b3460f46573cb61c412facd96a69d8ab26696c23ce376c3f9e189a65,344,0.2727272727272727,SCROLL,515,0.2666666666666667,BNBX,3121
6330,0x9a8c03585045e70a0c18e4da1f3b85d20088cde17cfe75a57368c9aad49192f6,432,0.2727272727272727,PANDORA,344,0.2727272727272727,SCROLL,1218
6893,0x882471ff44757f592bc9c3260ce2db39fdbd756d224e2e57c40754a5d3ff23af,455,0.2727272727272727,APEMAGA,316,0.2727272727272727,Upswing,275
6891,0xfe82217712e49bc387cf3d3896effe060e5e8d490e4163e3dac9782a9cb911cf,455,0.2692307692307693,APEMAGA,423,0.2692307692307693,Uwerx,178
7908,0x0bef8ebfd48f61764aad97ec347e7f8f32f2682535b053c4d0574fcf486febaf,515,0.2666666666666667,BNBX,432,0.25,PANDORA,3636
962,0x4fc5a61a3ca4a4e2f96e48c9ff658624af0da4da8f276af3273347f287b0e3e1,59,0.2666666666666667,ATK,455,0.25,APEMAGA,778
6453,0xa1d47140c1b3669d53aa6e73759ae4e490beb15d08b49ff634388c8759882489,436,0.2666666666666667,LQDX,298,0.2666666666666667,Swapos,2617
684,0xce670bf2bfccd2f5eb9afae969dbea3b1c3fdfc1bd80a9e56c6bcda86a09b4a1,40,0.2666666666666667,GHT,333,0.25,WIFCOIN,153
7907,0xf70ed374f2083c583f9bafbbdfe3b7741193e78ef5e078506666b0570c16536c,515,0.2631578947368421,BNBX,471,0.2631578947368421,LocalTrader,162
3778,0x7517ba0253df535fb7687b4119e50c242109126761f9dac1bfc4b04773d3af9d,249,0.2631578947368421,VINU,436,0.25,LQDX,1033
3432,0x6eae3ef5036b39962c9353ed511f8b2118a5a1db6c731d3d828397fc044533eb,220,0.2631578947368421,VOW,27,0.2424242424242424,BNB48MEVBot,153
6886,0x407f4041dc4e7e92c3b92d1fb34abf5a888c857edd7c06c630745894ca56a07d,455,0.25,APEMAGA,358,0.25,AIZPTToken,1364
6448,0x8900b06cc314d97d0e2607d8a614e76c548e647887f5ce9dfc1c4f0d5099db1d,436,0.25,LQDX,216,0.25,Bitpaidio,243
5823,0x4759ca2ff1e76752104f7d36b25895d8cfeb57f1e38622a47b1dd873bf83f2c2,404,0.25,ElasticSwap,203,0.2444444444444444,Eleven,198
7750,0x2ca1a2139a7775fb14656e9f62c94af0d3b584258e108438683a0a8e1d66c234,501,0.25,ZoomproFinance,188,0.25,SHOCO,1613
7904,0x60122c0d11526590d1265551e3f34112364b991222408aac1900236c854aae24,515,0.25,BNBX,344,0.25,SCROLL,177
4410,0x40a939e70dae329e6d8733c62c3bab80dbe4ca4ab61cb65fb4a0f9997818c81b,312,0.2456140350877192,CitadelFinance,101,0.2285714285714285,Caterpillar,2417
1331,0x2456aaf2f2bc006596dba3628e3d8659d12785d59640d5dd2e1ee756842e7fce,89,0.2439024390243902,ZS,521,0.2195121951219512,EEE,1152
4527,0x96b3a1c24980ccb03911a2f1f33638d793442677e8a73bc683716317a4b37ab3,316,0.2432432432432432,Upswing,137,0.2325581395348837,WaultFinance,1158
5114,0xddd2576a2cc4d4d864623c37a6919d9e7f2a7307f8000c55c48b3df79e76bb6a,364,0.2380952380952381,GFA,240,0.2352941176470588,0x0DEX,729
7966,0xd70dc811a171934eb09f99e7394667257181899b5036431269209920ac8665e5,519,0.2352941176470588,TSURU,455,0.2352941176470588,APEMAGA,161
7899,0xd0c65a9fa1ff118b96456288157fe9af412acf00f076e131c7923919180e44f6,515,0.2333333333333332,BNBX,501,0.2222222222222222,ZoomproFinance,230
5112,0x5407b5575bda12a7bd14a4f123d1c3806ded62eee0f90c814d01ab55d3675cd9,364,0.2307692307692307,GFA,43,0.2307692307692307,RADT,210
6445,0x79229f71eb752e1bd5affbb3b01e5707e9f97cef578b9068917f57546e4dd963,436,0.2307692307692307,LQDX,216,0.2307692307692307,Bitpaidio,1254
3626,0x8cf5a2d4922f7e981760f197e99d7da7e877b6a9f3b0fe34be99a221440c1103,240,0.2235294117647058,0x0DEX,364,0.1999999999999999,GFA,6827
